{"content":[{"id":"75b175f","settings":{"flex_direction":"row","flex_gap":{"unit":"px","size":30,"column":"30","row":"30","isLinked":true},"flex_align_items":"center","background_background":"gradient","background_gradient_angle":{"unit":"deg","size":90,"sizes":[]},"shape_divider_bottom":"waves","shape_divider_bottom_width":{"unit":"%","size":100,"sizes":[]},"shape_divider_bottom_height":{"unit":"px","size":44,"sizes":[]},"shape_divider_bottom_flip":"yes","padding":{"unit":"px","top":"120","right":"0","bottom":"180","left":"0","isLinked":false},"__globals__":{"background_color":"globals\/colors?id=blocksy_palette_2","background_color_b":"globals\/colors?id=blocksy_palette_3"},"_title":"Hero","padding_tablet":{"unit":"px","top":"80","right":"40","bottom":"120","left":"40","isLinked":false},"padding_mobile":{"unit":"px","top":"80","right":"40","bottom":"80","left":"40","isLinked":false},"background_color_b":"#112222"},"elements":[{"id":"34eedb67","settings":{"flex_direction":"column","content_width":"full","width":{"unit":"%","size":"50"},"padding":{"unit":"px","top":"0","right":"0","bottom":"0","left":"0","isLinked":false},"_flex_size":"grow"},"elements":[{"id":"5e12eb7f","settings":{"title":"We make <span style=\"color: var(--theme-palette-color-1)\">websites<\/span> that generate customers","header_size":"h1","typography_typography":"custom","__globals__":{"title_color":"globals\/colors?id=blocksy_palette_8"},"align_mobile":"center","_animation":"fadeInLeft","_animation_mobile":"none"},"elements":[],"isInner":false,"widgetType":"heading","elType":"widget"},{"id":"319968bd","settings":{"flex_direction":"row","_title":"2 Buttons","padding_tablet":{"unit":"px","top":"0","right":"0","bottom":"0","left":"0","isLinked":false},"flex_justify_content_mobile":"center","padding":{"unit":"px","top":"0","right":"0","bottom":"0","left":"0","isLinked":false}},"elements":[{"id":"3fb8e74e","settings":{"text":"Learn More","link":{"url":"https:\/\/ferdy.com","is_external":"","nofollow":"","custom_attributes":""},"typography_typography":"custom","background_color":"#FFA80000","button_background_hover_color":"#047484","border_border":"solid","border_width":{"unit":"px","top":"2","right":"2","bottom":"2","left":"2","isLinked":true},"border_radius":{"unit":"px","top":"25","right":"25","bottom":"25","left":"25","isLinked":true},"text_padding":{"unit":"px","top":"10","right":"26","bottom":"10","left":"26","isLinked":false},"__globals__":{"background_color":"","button_background_hover_color":""},"_animation_delay":500,"_animation":"fadeInRight","_animation_mobile":"none","_transform_translate_popover_hover":"transform","_transform_translateX_effect_hover":{"unit":"px","size":5,"sizes":[]},"_transform_translate_popover":"transform"},"elements":[],"isInner":false,"widgetType":"button","elType":"widget"},{"id":"301887c6","settings":{"text":"Get In Touch","link":{"url":"https:\/\/ferdy.com","is_external":"","nofollow":"","custom_attributes":""},"typography_typography":"custom","border_radius":{"unit":"px","top":"25","right":"25","bottom":"25","left":"25","isLinked":true},"__globals__":{"background_color":"","button_background_hover_color":"globals\/colors?id=blocksy_palette_2"},"_animation_delay":750,"_animation":"fadeInRight","_animation_mobile":"none","_transform_translateX_effect":{"unit":"px","size":5,"sizes":[]},"_transform_translate_popover_hover":"transform","_transform_translateX_effect_hover":{"unit":"px","size":5,"sizes":[]},"background_color":"#FFA800","button_background_hover_color":"#006573"},"elements":[],"isInner":false,"widgetType":"button","elType":"widget"}],"isInner":true,"elType":"container"}],"isInner":true,"elType":"container"},{"id":"3c5c1b86","settings":{"_element_width":"initial","_element_custom_width":{"unit":"%","size":46,"sizes":[]},"_animation":"fadeInRight","animation_duration":"slow","_animation_delay":1000,"image":{"id":221,"url":"http:\/\/blocksypractise.com\/wp-content\/uploads\/2024\/03\/placeholder.png"},"_element_custom_width_mobile":{"unit":"%","size":100,"sizes":[]}},"elements":[],"isInner":false,"widgetType":"image","elType":"widget"}],"isInner":false,"elType":"container"},{"id":"6ec00264","settings":{"flex_direction":"row","margin":{"unit":"px","top":"-80","right":"0","bottom":"0","left":"0","isLinked":false},"flex_direction_tablet":"column","flex_align_items":"stretch","flex_align_items_tablet":"center","flex_gap":{"column":"20","row":"20","isLinked":true,"unit":"px","size":20},"flex_gap_mobile":{"column":"40","row":"40","isLinked":true,"unit":"px","size":40},"margin_tablet":{"unit":"px","top":"-70","right":"0","bottom":"0","left":"0","isLinked":false},"padding_mobile":{"unit":"px","top":"40","right":"25","bottom":"40","left":"25","isLinked":false},"padding":{"unit":"px","top":"0","right":"0","bottom":"0","left":"0","isLinked":false}},"elements":[{"id":"413941d8","settings":{"selected_icon":{"value":"fas fa-lightbulb","library":"fa-solid"},"view":"framed","title_text":"We Listen","description_text":"We listen to your story and ask questions to find out what the exact goal of your website is.","position":"left","primary_color":"#FFA800","secondary_color":"#006573","icon_size":{"unit":"px","size":26,"sizes":[]},"icon_padding":{"unit":"px","size":15,"sizes":[]},"border_width":{"unit":"px","top":"0","right":"0","bottom":"0","left":"0","isLinked":true},"title_bottom_space":{"unit":"px","size":0,"sizes":[]},"title_typography_typography":"custom","title_typography_font_size":{"unit":"px","size":20,"sizes":[]},"description_typography_typography":"custom","description_typography_font_size":{"unit":"px","size":15,"sizes":[]},"description_typography_line_height":{"unit":"px","size":26,"sizes":[]},"_background_background":"classic","__globals__":{"primary_color":"globals\/colors?id=blocksy_palette_1","secondary_color":"globals\/colors?id=blocksy_palette_2","hover_secondary_color":"","hover_primary_color":"","_background_color":"globals\/colors?id=blocksy_palette_8"},"_padding":{"unit":"px","top":"20","right":"20","bottom":"20","left":"20","isLinked":true},"_border_radius":{"unit":"px","top":"15","right":"15","bottom":"15","left":"15","isLinked":true},"_box_shadow_box_shadow_type":"yes","_box_shadow_box_shadow":{"horizontal":0,"vertical":0,"blur":30,"spread":0,"color":"rgba(0,0,0,0.5)"},"_element_width":"initial","_element_custom_width":{"unit":"%","size":30,"sizes":[]},"_element_custom_width_tablet":{"unit":"px","size":500,"sizes":[]},"_element_custom_width_mobile":{"unit":"%","size":"","sizes":[]},"_flex_size":"grow","_animation_delay":1250,"_animation":"fadeInUp","_animation_mobile":"none","_animation_tablet":"none","_transform_rotate_popover_hover":"transform","_transform_rotateZ_effect_hover":{"unit":"px","size":2,"sizes":[]}},"elements":[],"isInner":false,"widgetType":"icon-box","elType":"widget"},{"id":"2fe0e161","settings":{"selected_icon":{"value":"fas fa-handshake","library":"fa-solid"},"title_text":"We Think Along","description_text":"We use our experience and expertise to create a plan for your website that suits the goal(s) of your website.","view":"framed","position":"left","primary_color":"#FFA800","secondary_color":"#006573","icon_size":{"unit":"px","size":26,"sizes":[]},"icon_padding":{"unit":"px","size":15,"sizes":[]},"border_width":{"unit":"px","top":"0","right":"0","bottom":"0","left":"0","isLinked":true},"title_bottom_space":{"unit":"px","size":0,"sizes":[]},"title_typography_typography":"custom","title_typography_font_size":{"unit":"px","size":20,"sizes":[]},"description_typography_typography":"custom","description_typography_font_size":{"unit":"px","size":15,"sizes":[]},"description_typography_line_height":{"unit":"px","size":26,"sizes":[]},"_padding":{"unit":"px","top":"20","right":"20","bottom":"20","left":"20","isLinked":true},"_background_background":"classic","_border_radius":{"unit":"px","top":"15","right":"15","bottom":"15","left":"15","isLinked":true},"_box_shadow_box_shadow_type":"yes","_box_shadow_box_shadow":{"horizontal":0,"vertical":0,"blur":30,"spread":0,"color":"rgba(0,0,0,0.5)"},"__globals__":{"primary_color":"globals\/colors?id=blocksy_palette_1","secondary_color":"globals\/colors?id=blocksy_palette_2","hover_secondary_color":"","hover_primary_color":"","_background_color":"globals\/colors?id=blocksy_palette_8"},"_element_width":"initial","_element_custom_width":{"unit":"%","size":30,"sizes":[]},"_element_custom_width_tablet":{"unit":"px","size":500,"sizes":[]},"_flex_size":"grow","_animation_delay":1500,"_animation":"fadeInUp","_animation_mobile":"none","_animation_tablet":"none","_transform_rotate_popover_hover":"transform","_transform_rotateZ_effect_hover":{"unit":"px","size":2,"sizes":[]}},"elements":[],"isInner":false,"widgetType":"icon-box","elType":"widget"},{"id":"657a7f62","settings":{"selected_icon":{"value":"fas fa-clock","library":"fa-solid"},"title_text":"We Are Fast","description_text":"We are passionate about what we do and love to show you the results within a reasonable time.","view":"framed","position":"left","primary_color":"#FFA800","secondary_color":"#006573","icon_size":{"unit":"px","size":26,"sizes":[]},"icon_padding":{"unit":"px","size":15,"sizes":[]},"border_width":{"unit":"px","top":"0","right":"0","bottom":"0","left":"0","isLinked":true},"title_bottom_space":{"unit":"px","size":0,"sizes":[]},"title_typography_typography":"custom","title_typography_font_size":{"unit":"px","size":20,"sizes":[]},"description_typography_typography":"custom","description_typography_font_size":{"unit":"px","size":15,"sizes":[]},"description_typography_line_height":{"unit":"px","size":26,"sizes":[]},"_padding":{"unit":"px","top":"20","right":"20","bottom":"20","left":"20","isLinked":true},"_background_background":"classic","_border_radius":{"unit":"px","top":"15","right":"15","bottom":"15","left":"15","isLinked":true},"_box_shadow_box_shadow_type":"yes","_box_shadow_box_shadow":{"horizontal":0,"vertical":0,"blur":30,"spread":0,"color":"rgba(0,0,0,0.5)"},"__globals__":{"primary_color":"globals\/colors?id=blocksy_palette_1","secondary_color":"globals\/colors?id=blocksy_palette_2","hover_secondary_color":"","hover_primary_color":"","_background_color":"globals\/colors?id=blocksy_palette_8"},"_element_width":"initial","_element_custom_width":{"unit":"%","size":30,"sizes":[]},"_element_custom_width_tablet":{"unit":"px","size":500,"sizes":[]},"_flex_size":"grow","_animation_delay":1750,"_animation":"fadeInUp","_animation_mobile":"none","_animation_tablet":"none","_transform_rotate_popover_hover":"transform","_transform_rotateZ_effect_hover":{"unit":"px","size":2,"sizes":[]}},"elements":[],"isInner":false,"widgetType":"icon-box","elType":"widget"}],"isInner":false,"elType":"container"},{"id":"1bf072b7","settings":{"flex_direction":"row","margin":{"unit":"px","top":"60","right":"0","bottom":"0","left":"0","isLinked":false},"flex_direction_mobile":"row","flex_align_items":"flex-start","flex_gap":{"column":"40","row":"40","isLinked":true,"unit":"px","size":40},"background_background":"gradient","background_gradient_angle":{"unit":"deg","size":90,"sizes":[]},"__globals__":{"background_color":"globals\/colors?id=blocksy_palette_2","background_color_b":"globals\/colors?id=blocksy_palette_3"}},"elements":[{"id":"6129ea0c","settings":{"_element_width":"initial","_element_custom_width":{"unit":"%","size":42,"sizes":[]},"_animation":"fadeInLeft","image":{"id":222,"url":"http:\/\/blocksypractise.com\/wp-content\/uploads\/2024\/03\/placeholder-1.png"},"_element_custom_width_mobile":{"unit":"%","size":100,"sizes":[]}},"elements":[],"isInner":false,"widgetType":"image","elType":"widget"},{"id":"e7ff57d","settings":{"content_width":"full","width":{"unit":"%","size":40,"sizes":[]},"padding":{"unit":"px","top":"0","right":"0","bottom":"0","left":"0","isLinked":false},"_flex_order_mobile":"custom","_flex_order_custom_mobile":1,"_flex_size":"grow","animation":"fadeInRight"},"elements":[{"id":"4b225cd2","settings":{"title":"Taste the atmoshpere at WebDevine","__globals__":{"title_color":"globals\/colors?id=blocksy_palette_1"}},"elements":[],"isInner":false,"widgetType":"heading","elType":"widget"},{"id":"201aa998","settings":{"editor":"<p>Webdevine is your one stop shop for web design and online marketing. From our studio in <strong><span style=\"color: var(--theme-palette-color-1);\">Amsterdam<\/span><\/strong> we take care of the online branding for your company. Having your website made at Webdevine ensures you of modern, well-thought-out web design and high conversion. Without hassle.<\/p><p class=\"p1\">There is a lot to look at when creating a website. Think of hosting, branding, SEO, SEA, (social) marketing and maintenance. You can worry about that, or you can let take care of everything. <strong><span style=\"color: var(--theme-palette-color-1);\">Everything is possible.<\/span><\/strong> Your personal Webdevine account manager advises where necessary and guides you through the wonderful world of web design and online marketing.<\/p>","__globals__":{"text_color":"globals\/colors?id=blocksy_palette_8"}},"elements":[],"isInner":false,"widgetType":"text-editor","elType":"widget"}],"isInner":true,"elType":"container"}],"isInner":false,"elType":"container"},{"id":"1dd22b43","settings":{"flex_direction":"row","boxed_width":{"unit":"px","size":700,"sizes":[]},"flex_align_items":"center","flex_wrap":"wrap"},"elements":[{"id":"1f0961e7","settings":{"title":"Awards We Have Won","align":"center","_element_width":"inherit","__globals__":{"title_color":"globals\/colors?id=blocksy_palette_1"}},"elements":[],"isInner":false,"widgetType":"heading","elType":"widget"},{"id":"5247831b","settings":{"_element_width":"initial","_element_custom_width":{"unit":"%","size":22,"sizes":[]},"_flex_size":"grow","image":{"id":223,"url":"http:\/\/blocksypractise.com\/wp-content\/uploads\/2024\/03\/placeholder-2.png"},"_element_custom_width_mobile":{"unit":"%","size":100,"sizes":[]}},"elements":[],"isInner":false,"widgetType":"image","elType":"widget"},{"id":"7d4f0951","settings":{"_element_width":"initial","_element_custom_width":{"unit":"%","size":22,"sizes":[]},"_flex_size":"grow","image":{"id":224,"url":"http:\/\/blocksypractise.com\/wp-content\/uploads\/2024\/03\/placeholder-3.png"},"_element_custom_width_mobile":{"unit":"%","size":100,"sizes":[]}},"elements":[],"isInner":false,"widgetType":"image","elType":"widget"},{"id":"dc2653e","settings":{"_element_width":"initial","_element_custom_width":{"unit":"%","size":22,"sizes":[]},"_flex_size":"grow","image":{"id":225,"url":"http:\/\/blocksypractise.com\/wp-content\/uploads\/2024\/03\/placeholder-4.png"},"_element_custom_width_mobile":{"unit":"%","size":100,"sizes":[]}},"elements":[],"isInner":false,"widgetType":"image","elType":"widget"},{"id":"240827b","settings":{"_element_width":"initial","_element_custom_width":{"unit":"%","size":22,"sizes":[]},"_flex_size":"grow","image":{"id":226,"url":"http:\/\/blocksypractise.com\/wp-content\/uploads\/2024\/03\/placeholder-5.png"},"_element_custom_width_mobile":{"unit":"%","size":100,"sizes":[]}},"elements":[],"isInner":false,"widgetType":"image","elType":"widget"}],"isInner":false,"elType":"container"},{"id":"3d21f1a9","settings":{"flex_direction":"column","flex_align_items":"center","background_background":"gradient","background_gradient_angle":{"unit":"deg","size":90,"sizes":[]},"__globals__":{"background_color":"globals\/colors?id=blocksy_palette_2","background_color_b":"globals\/colors?id=blocksy_palette_3"}},"elements":[{"id":"5b99334e","settings":{"title":"What We Are Really Good At","align":"center","typography_typography":"custom","typography_font_size":{"unit":"px","size":20,"sizes":[]},"_padding":{"unit":"px","top":"6","right":"6","bottom":"6","left":"6","isLinked":true},"_background_background":"classic","__globals__":{"title_color":"globals\/colors?id=blocksy_palette_8","_background_color":"globals\/colors?id=blocksy_palette_1"}},"elements":[],"isInner":false,"widgetType":"heading","elType":"widget"},{"id":"74960440","settings":{"title":"This Is What We Do Best","align":"center","_element_width":"inherit","__globals__":{"title_color":"globals\/colors?id=blocksy_palette_1"}},"elements":[],"isInner":false,"widgetType":"heading","elType":"widget"},{"id":"3ee1dfe","settings":{"flex_direction":"row","flex_gap_tablet":{"column":"40","row":"40","isLinked":true,"unit":"px","size":40},"flex_wrap_tablet":"wrap","margin":{"unit":"px","top":"20","right":"0","bottom":"0","left":"0","isLinked":false},"padding":{"unit":"px","top":"0","right":"0","bottom":"0","left":"0","isLinked":false},"_title":"4 Services"},"elements":[{"id":"75b9ab02","settings":{"content_width":"full","width_tablet":{"unit":"%","size":45,"sizes":[]},"width_mobile":{"unit":"%","size":"","sizes":[]},"flex_direction":"column","flex_align_items":"center","background_background":"classic","background_color_b":"#112222","background_gradient_angle":{"unit":"deg","size":217,"sizes":[]},"border_border":"solid","border_width":{"unit":"px","top":"2","right":"2","bottom":"2","left":"2","isLinked":true},"border_color":"#ffffff","border_radius":{"unit":"px","top":"20","right":"20","bottom":"20","left":"20","isLinked":true},"padding":{"unit":"px","top":"20","right":"20","bottom":"20","left":"20","isLinked":true},"_flex_size_tablet":"grow","__globals__":{"border_color":"globals\/colors?id=blocksy_palette_8","background_color":"globals\/colors?id=blocksy_palette_3","background_color_b":"globals\/colors?id=text"},"animation":"fadeInRight"},"elements":[{"id":"5400d5f6","settings":{"selected_icon":{"value":"fas fa-fingerprint","library":"fa-solid"},"align":"left","__globals__":{"primary_color":"globals\/colors?id=blocksy_palette_8"}},"elements":[],"isInner":false,"widgetType":"icon","elType":"widget"},{"id":"2f39679e","settings":{"title":"01","typography_typography":"custom","typography_font_size":{"unit":"px","size":18,"sizes":[]},"__globals__":{"title_color":"globals\/colors?id=blocksy_palette_1"}},"elements":[],"isInner":false,"widgetType":"heading","elType":"widget"},{"id":"3804d52c","settings":{"title":"Branding","_margin":{"unit":"px","top":"-22","right":"0","bottom":"0","left":"0","isLinked":false},"__globals__":{"title_color":"globals\/colors?id=blocksy_palette_8"}},"elements":[],"isInner":false,"widgetType":"heading","elType":"widget"},{"id":"3c1c8084","settings":{"icon_list":[{"text":"Brand Scan","selected_icon":{"value":"","library":""},"_id":"b92e323"},{"text":"Branding Strategy","selected_icon":{"value":"","library":""},"_id":"0c3a9ed"},{"text":"Logo & Colors","selected_icon":{"value":"","library":""},"_id":"9657423"}],"icon_align":"center","icon_typography_typography":"custom","icon_typography_font_weight":"600","text_shadow_text_shadow_type":"yes","__globals__":{"text_color":"globals\/colors?id=blocksy_palette_8"}},"elements":[],"isInner":false,"widgetType":"icon-list","elType":"widget"}],"isInner":true,"elType":"container"},{"id":"1a61a784","settings":{"content_width":"full","width_tablet":{"unit":"%","size":45,"sizes":[]},"width_mobile":{"unit":"%","size":"","sizes":[]},"flex_direction":"column","flex_align_items":"center","background_background":"classic","background_color_b":"#112222","background_gradient_angle":{"unit":"deg","size":217,"sizes":[]},"border_border":"solid","border_width":{"unit":"px","top":"2","right":"2","bottom":"2","left":"2","isLinked":true},"border_color":"#ffffff","border_radius":{"unit":"px","top":"20","right":"20","bottom":"20","left":"20","isLinked":true},"padding":{"unit":"px","top":"20","right":"20","bottom":"20","left":"20","isLinked":true},"_flex_size_tablet":"grow","__globals__":{"border_color":"globals\/colors?id=blocksy_palette_8","background_color":"globals\/colors?id=blocksy_palette_3","background_color_b":"globals\/colors?id=text"},"animation":"fadeInRight"},"elements":[{"id":"30a0e018","settings":{"selected_icon":{"value":"fas fa-pencil-ruler","library":"fa-solid"},"align":"left","__globals__":{"primary_color":"globals\/colors?id=blocksy_palette_8"}},"elements":[],"isInner":false,"widgetType":"icon","elType":"widget"},{"id":"5a3f7630","settings":{"title":"02","typography_typography":"custom","typography_font_size":{"unit":"px","size":18,"sizes":[]},"__globals__":{"title_color":"globals\/colors?id=blocksy_palette_1"}},"elements":[],"isInner":false,"widgetType":"heading","elType":"widget"},{"id":"57c27cf0","settings":{"title":"WebDesign","_margin":{"unit":"px","top":"-22","right":"0","bottom":"0","left":"0","isLinked":false},"__globals__":{"title_color":"globals\/colors?id=blocksy_palette_8"}},"elements":[],"isInner":false,"widgetType":"heading","elType":"widget"},{"id":"282d34a3","settings":{"icon_list":[{"text":"Wireframing","selected_icon":{"value":"","library":""},"_id":"b92e323"},{"text":"UI Design","selected_icon":{"value":"","library":""},"_id":"0c3a9ed"},{"text":"UX Design","selected_icon":{"value":"","library":""},"_id":"9657423"}],"icon_align":"center","icon_typography_typography":"custom","icon_typography_font_weight":"600","text_shadow_text_shadow_type":"yes","__globals__":{"text_color":"globals\/colors?id=blocksy_palette_8"}},"elements":[],"isInner":false,"widgetType":"icon-list","elType":"widget"}],"isInner":true,"elType":"container"},{"id":"49dd68ee","settings":{"content_width":"full","width_tablet":{"unit":"%","size":45,"sizes":[]},"width_mobile":{"unit":"%","size":"","sizes":[]},"flex_direction":"column","flex_align_items":"center","background_background":"classic","background_color_b":"#112222","background_gradient_angle":{"unit":"deg","size":217,"sizes":[]},"border_border":"solid","border_width":{"unit":"px","top":"2","right":"2","bottom":"2","left":"2","isLinked":true},"border_color":"#ffffff","border_radius":{"unit":"px","top":"20","right":"20","bottom":"20","left":"20","isLinked":true},"padding":{"unit":"px","top":"20","right":"20","bottom":"20","left":"20","isLinked":true},"_flex_size_tablet":"grow","__globals__":{"border_color":"globals\/colors?id=blocksy_palette_8","background_color":"globals\/colors?id=blocksy_palette_3","background_color_b":"globals\/colors?id=text"},"animation":"fadeInRight"},"elements":[{"id":"51c18696","settings":{"selected_icon":{"value":"far fa-keyboard","library":"fa-regular"},"align":"left","__globals__":{"primary_color":"globals\/colors?id=blocksy_palette_8"}},"elements":[],"isInner":false,"widgetType":"icon","elType":"widget"},{"id":"13601f56","settings":{"title":"03","typography_typography":"custom","typography_font_size":{"unit":"px","size":18,"sizes":[]},"__globals__":{"title_color":"globals\/colors?id=blocksy_palette_1"}},"elements":[],"isInner":false,"widgetType":"heading","elType":"widget"},{"id":"50a9d430","settings":{"title":"SEO","_margin":{"unit":"px","top":"-22","right":"0","bottom":"0","left":"0","isLinked":false},"__globals__":{"title_color":"globals\/colors?id=blocksy_palette_8"}},"elements":[],"isInner":false,"widgetType":"heading","elType":"widget"},{"id":"33e526a4","settings":{"icon_list":[{"text":"Market Research","selected_icon":{"value":"","library":""},"_id":"b92e323"},{"text":"Keyword Analysis","selected_icon":{"value":"","library":""},"_id":"0c3a9ed"},{"text":"Page Speed","selected_icon":{"value":"","library":""},"_id":"9657423"}],"icon_align":"center","icon_typography_typography":"custom","icon_typography_font_weight":"600","text_shadow_text_shadow_type":"yes","__globals__":{"text_color":"globals\/colors?id=blocksy_palette_8"}},"elements":[],"isInner":false,"widgetType":"icon-list","elType":"widget"}],"isInner":true,"elType":"container"},{"id":"651e5391","settings":{"content_width":"full","width_tablet":{"unit":"%","size":45,"sizes":[]},"width_mobile":{"unit":"%","size":"","sizes":[]},"flex_direction":"column","flex_align_items":"center","background_background":"classic","background_color_b":"#112222","background_gradient_angle":{"unit":"deg","size":217,"sizes":[]},"border_border":"solid","border_width":{"unit":"px","top":"2","right":"2","bottom":"2","left":"2","isLinked":true},"border_color":"#ffffff","border_radius":{"unit":"px","top":"20","right":"20","bottom":"20","left":"20","isLinked":true},"padding":{"unit":"px","top":"20","right":"20","bottom":"20","left":"20","isLinked":true},"_flex_size_tablet":"grow","__globals__":{"border_color":"globals\/colors?id=blocksy_palette_8","background_color":"globals\/colors?id=blocksy_palette_3","background_color_b":"globals\/colors?id=text"},"animation":"fadeInRight"},"elements":[{"id":"46336472","settings":{"selected_icon":{"value":"fas fa-rocket","library":"fa-solid"},"align":"left","__globals__":{"primary_color":"globals\/colors?id=blocksy_palette_8"}},"elements":[],"isInner":false,"widgetType":"icon","elType":"widget"},{"id":"7b28d4bb","settings":{"title":"04","typography_typography":"custom","typography_font_size":{"unit":"px","size":18,"sizes":[]},"__globals__":{"title_color":"globals\/colors?id=blocksy_palette_1"}},"elements":[],"isInner":false,"widgetType":"heading","elType":"widget"},{"id":"18590e40","settings":{"title":"Advertising","_margin":{"unit":"px","top":"-22","right":"0","bottom":"0","left":"0","isLinked":false},"__globals__":{"title_color":"globals\/colors?id=blocksy_palette_8"}},"elements":[],"isInner":false,"widgetType":"heading","elType":"widget"},{"id":"2b145ff6","settings":{"icon_list":[{"text":"Facebook &amp; Google","selected_icon":{"value":"","library":""},"_id":"b92e323"},{"text":"Pixels &amp; Tags","selected_icon":{"value":"","library":""},"_id":"0c3a9ed"},{"text":"Retargeting","selected_icon":{"value":"","library":""},"_id":"9657423"}],"icon_align":"center","icon_typography_typography":"custom","icon_typography_font_weight":"600","text_shadow_text_shadow_type":"yes","__globals__":{"text_color":"globals\/colors?id=blocksy_palette_8"}},"elements":[],"isInner":false,"widgetType":"icon-list","elType":"widget"}],"isInner":true,"elType":"container"}],"isInner":true,"elType":"container"}],"isInner":false,"elType":"container"},{"id":"31fb742a","settings":{"flex_direction":"row","flex_justify_content":"center","flex_gap":{"column":"","row":"","isLinked":true,"unit":"px","size":null},"flex_wrap_tablet":"wrap"},"elements":[{"id":"111b9b90","settings":{"ending_number":430,"prefix":"+","duration":4300,"title":"Websites Made","typography_title_typography":"custom","typography_title_font_weight":"600","_element_width":"initial","_element_custom_width":{"unit":"%","size":20,"sizes":[]},"_element_custom_width_tablet":{"unit":"%","size":45,"sizes":[]},"_element_custom_width_mobile":{"unit":"%","size":90,"sizes":[]},"_flex_size":"grow","__globals__":{"number_color":"globals\/colors?id=blocksy_palette_1","title_color":"globals\/colors?id=blocksy_palette_3"}},"elements":[],"isInner":false,"widgetType":"counter","elType":"widget"},{"id":"6538faa2","settings":{"ending_number":23,"suffix":"+","duration":2300,"title":"Years Of Experience","typography_title_typography":"custom","typography_title_font_weight":"600","_element_width":"initial","_element_custom_width":{"unit":"%","size":20,"sizes":[]},"_element_custom_width_tablet":{"unit":"%","size":45,"sizes":[]},"_element_custom_width_mobile":{"unit":"%","size":90,"sizes":[]},"_flex_size":"grow","__globals__":{"number_color":"globals\/colors?id=blocksy_palette_1","title_color":"globals\/colors?id=blocksy_palette_3"}},"elements":[],"isInner":false,"widgetType":"counter","elType":"widget"},{"id":"2e929994","settings":{"ending_number":12,"duration":1200,"title":"Employees","typography_title_typography":"custom","typography_title_font_weight":"600","_element_width":"initial","_element_custom_width":{"unit":"%","size":20,"sizes":[]},"_element_custom_width_tablet":{"unit":"%","size":45,"sizes":[]},"_element_custom_width_mobile":{"unit":"%","size":90,"sizes":[]},"_flex_size":"grow","__globals__":{"number_color":"globals\/colors?id=blocksy_palette_1","title_color":"globals\/colors?id=blocksy_palette_3"}},"elements":[],"isInner":false,"widgetType":"counter","elType":"widget"},{"id":"7347f695","settings":{"ending_number":19,"duration":1900,"title":"Awards","typography_title_typography":"custom","typography_title_font_weight":"600","_element_width":"initial","_element_custom_width":{"unit":"%","size":20,"sizes":[]},"_element_custom_width_tablet":{"unit":"%","size":45,"sizes":[]},"_element_custom_width_mobile":{"unit":"%","size":90,"sizes":[]},"_flex_size":"grow","__globals__":{"number_color":"globals\/colors?id=blocksy_palette_1","title_color":"globals\/colors?id=blocksy_palette_3"}},"elements":[],"isInner":false,"widgetType":"counter","elType":"widget"}],"isInner":false,"elType":"container"},{"id":"21784985","settings":{"flex_direction":"column","background_background":"gradient","background_gradient_angle":{"unit":"deg","size":90,"sizes":[]},"__globals__":{"background_color":"globals\/colors?id=blocksy_palette_2","background_color_b":"globals\/colors?id=blocksy_palette_3"}},"elements":[{"id":"62992e6","settings":{"title":"Reach Out To Us","align":"center","_element_width":"inherit","__globals__":{"title_color":"globals\/colors?id=blocksy_palette_1"}},"elements":[],"isInner":false,"widgetType":"heading","elType":"widget"},{"id":"695cd58c","settings":{"width":{"unit":"px","size":367,"sizes":[]},"width_tablet":{"unit":"px","size":"","sizes":[]},"width_mobile":{"unit":"px","size":"","sizes":[]},"align":"center","text":"Divider","weight":{"unit":"px","size":2,"sizes":[]},"__globals__":{"color":"globals\/colors?id=blocksy_palette_1"}},"elements":[],"isInner":false,"widgetType":"divider","elType":"widget"},{"id":"296b2b73","settings":{"editor":"<p>Do you want to reach out for more information or see how we can help you? Reach out to us by clicking on the button below.<\/p>","align":"center","_element_width":"initial","_element_custom_width":{"unit":"px","size":600,"sizes":[]},"_flex_align_self":"center","__globals__":{"text_color":"globals\/colors?id=blocksy_palette_8"}},"elements":[],"isInner":false,"widgetType":"text-editor","elType":"widget"},{"id":"4569e9b1","settings":{"text":"Get In Touch","link":{"url":"https:\/\/ferdy.com","is_external":"","nofollow":"","custom_attributes":""},"typography_typography":"custom","border_radius":{"unit":"px","top":"25","right":"25","bottom":"25","left":"25","isLinked":true},"__globals__":{"background_color":"globals\/colors?id=blocksy_palette_1","button_background_hover_color":"globals\/colors?id=blocksy_palette_2"},"_animation_delay":750,"align":"center","_transform_translate_popover_hover":"transform","_transform_translateX_effect_hover":{"unit":"px","size":15,"sizes":[]}},"elements":[],"isInner":false,"widgetType":"button","elType":"widget"}],"isInner":false,"elType":"container"}],"page_settings":{"eael_ext_toc_title":"Table of Contents"},"version":"0.4","title":"Homepage","type":"page"}